season,yr,workingday,weathersit,temp,casual,registered,cnt,casual_pd,registered_pd,cnt_pd
2.0,0.0,0.0,2.0,0.426667,0.525709219858156,0.24357493502743285,0.3524720893141946,0.4741583209254845,0.2595004331504476,0.32944423997055583
3.0,0.0,1.0,1.0,0.776667,0.3324468085106383,0.5441813456540572,0.5544105017789228,0.34182919621749414,0.5415968813167774,0.5544166359955834
4.0,0.0,1.0,2.0,0.47,0.10549645390070922,0.34637597458850705,0.3235185866764814,0.14494680851063832,0.39965347964192893,0.3902220586431113
1.0,1.0,0.0,2.0,0.264167,0.16932624113475178,0.35056309558186544,0.3447429763219237,0.16843971631205673,0.3424776205602079,0.32786161207213843
2.0,1.0,1.0,2.0,0.573333,0.15070921985815602,0.35821542015593416,0.34609250398724084,0.2391843971631206,0.42734623159110596,0.4657342657342657
